City_ID,City,Cloudiness,Country,Date,Humidity,Lat,Lng,Max Temp,Wind Speed
0,Busselton,40,AU,2022-02-03 23:37:51,33,-33.65,115.3333,82.04,12.55
1,Arica,0,CL,2022-02-03 23:37:52,68,-18.475,-70.3042,74.75,5.75
2,Hithadhoo,90,MV,2022-02-03 23:37:53,72,-0.6,73.0833,81.21,8.86
3,Roebourne,53,AU,2022-02-03 23:37:53,52,-20.7833,117.1333,87.57,9.44
4,Ponta Do Sol,48,PT,2022-02-03 23:37:54,79,32.6667,-17.1,66.0,4.54
5,Westerland,100,DE,2022-02-03 23:37:54,100,54.9079,8.3033,43.18,14.97
6,Witu,94,KE,2022-02-03 23:37:55,95,-2.3889,40.4382,78.96,3.89
7,Toledo,99,ES,2022-02-03 23:37:55,71,39.8333,-4.0,54.09,5.64
8,Albany,100,US,2022-02-03 23:37:56,92,42.6001,-73.9662,41.31,1.99
9,Caraballeda,75,VE,2022-02-03 23:37:56,69,10.6112,-66.8522,80.67,5.75
10,Mataura,100,NZ,2022-02-03 23:37:57,99,-46.1927,168.8643,53.47,1.59
11,Rikitea,100,PF,2022-02-03 23:37:57,75,-23.1203,-134.9692,77.99,16.93
12,Yellowknife,0,CA,2022-02-03 23:37:57,88,62.456,-114.3525,-22.45,6.91
13,Bogotol,100,RU,2022-02-03 23:37:58,97,56.2078,89.5342,3.83,6.73
14,Vaini,40,TO,2022-02-03 23:37:59,79,-21.2,-175.2,86.16,8.05
15,Olafsvik,95,IS,2022-02-03 23:37:59,73,64.8945,-23.7142,26.82,29.73
16,Luderitz,2,NA,2022-02-03 23:38:00,67,-26.6481,15.1594,68.36,15.3
17,Cabo San Lucas,20,MX,2022-02-03 23:37:02,55,22.8909,-109.9124,73.94,1.99
18,Torbay,100,CA,2022-02-03 23:38:00,84,47.6666,-52.7314,36.57,23.02
19,Saldanha,4,ZA,2022-02-03 23:38:01,80,-33.0117,17.9442,59.05,18.84
20,Codrington,84,AU,2022-02-03 23:38:01,60,-38.2667,141.9667,66.15,14.27
21,Tiksi,100,RU,2022-02-03 23:38:02,100,71.6872,128.8694,-10.61,8.14
22,Marawi,98,PH,2022-02-03 23:38:02,84,7.9986,124.2928,67.64,2.24
23,Hobart,40,AU,2022-02-03 23:35:29,63,-42.8794,147.3294,64.11,6.91
24,Jacareacanga,96,BR,2022-02-03 23:38:03,90,-6.2222,-57.7528,74.82,2.06
25,Lumeje,100,AO,2022-02-03 23:38:04,97,-11.55,20.7833,63.93,4.92
26,Qaanaaq,100,GL,2022-02-03 23:38:04,59,77.484,-69.3632,-14.35,8.08
27,Saskylakh,99,RU,2022-02-03 23:38:05,97,71.9167,114.0833,-17.07,1.54
28,Puerto Ayora,16,EC,2022-02-03 23:38:05,89,-0.7393,-90.3518,76.55,5.99
29,Namanyere,100,TZ,2022-02-03 23:38:06,99,-7.5167,31.05,61.03,5.14
30,Leningradskiy,2,RU,2022-02-03 23:38:07,80,69.3833,178.4167,-8.7,8.75
31,Bredasdorp,31,ZA,2022-02-03 23:38:07,72,-34.5322,20.0403,61.29,3.44
32,Barrow,75,US,2022-02-03 23:38:07,83,71.2906,-156.7887,-25.58,3.44
33,Longyearbyen,20,SJ,2022-02-03 23:38:08,73,78.2186,15.6401,15.64,2.3
34,Paita,44,PE,2022-02-03 23:38:08,80,-5.0892,-81.1144,72.43,18.34
35,Caraquet,100,CA,2022-02-03 23:38:09,73,47.7941,-64.9386,25.34,12.88
36,Punta Arenas,0,CL,2022-02-03 23:38:09,50,-53.15,-70.9167,50.11,12.66
37,Fukue,40,JP,2022-02-03 23:38:10,60,32.6881,128.8419,41.36,11.5
38,Katsuura,99,JP,2022-02-03 23:38:10,62,35.1333,140.3,43.2,10.4
39,Harper,1,LR,2022-02-03 23:38:11,80,4.375,-7.7169,79.52,6.46
40,Bengkulu,99,ID,2022-02-03 23:38:11,88,-3.8004,102.2655,76.08,3.47
41,Hilo,0,US,2022-02-03 23:38:12,69,19.7297,-155.09,80.33,6.91
42,Jamestown,100,US,2022-02-03 23:35:48,69,42.097,-79.2353,26.1,10.0
43,Ahipara,74,NZ,2022-02-03 23:38:13,70,-35.1667,173.1667,77.13,14.79
44,Muzhi,98,RU,2022-02-03 23:38:13,99,65.3667,64.6667,-5.94,3.74
45,Port Elizabeth,0,ZA,2022-02-03 23:39:13,68,-33.918,25.5701,68.29,16.11
46,Atuona,11,PF,2022-02-03 23:39:14,74,-9.8,-139.0333,78.76,16.26
47,Viljoenskroon,13,ZA,2022-02-03 23:39:15,89,-27.2084,26.9485,64.33,4.03
48,Lorengau,100,PG,2022-02-03 23:39:15,74,-2.0226,147.2712,82.49,5.91
49,Jumla,100,NP,2022-02-03 23:36:19,98,29.2747,82.1838,34.9,5.5
50,Ushuaia,75,AR,2022-02-03 23:38:20,70,-54.8,-68.3,44.26,17.27
51,Victoria,92,HK,2022-02-03 23:36:34,82,22.2855,114.1577,57.94,1.01
52,Zhangye,2,CN,2022-02-03 23:39:16,53,38.9342,100.4517,14.25,2.3
53,Sinegorye,91,RU,2022-02-03 23:39:17,98,62.0788,150.477,-15.52,1.63
54,Esperance,0,AU,2022-02-03 23:39:17,61,-33.8667,121.9,67.84,15.88
55,Castro,85,BR,2022-02-03 23:39:18,96,-24.7911,-50.0119,66.06,5.06
56,Kapaa,20,US,2022-02-03 23:39:18,65,22.0752,-159.319,79.12,3.0
57,Kallaste,90,EE,2022-02-03 23:39:19,100,58.655,27.1592,12.43,4.05
58,Vardo,100,NO,2022-02-03 23:36:26,64,70.3705,31.1107,21.4,12.55
59,Bluff,100,NZ,2022-02-03 23:39:20,86,-46.6,168.3333,53.8,5.37
60,Qui Nhon,97,VN,2022-02-03 23:39:20,86,13.7667,109.2333,72.25,13.0
61,Pasco,20,US,2022-02-03 23:39:21,62,28.292,-82.4165,78.13,3.0
62,Pevek,11,RU,2022-02-03 23:39:21,95,69.7008,170.3133,-17.66,1.36
63,Alofi,100,NU,2022-02-03 23:39:22,78,-19.0595,-169.9187,80.78,15.97
64,Hermanus,49,ZA,2022-02-03 23:39:22,72,-34.4187,19.2345,61.9,9.86
65,Carutapera,97,BR,2022-02-03 23:39:23,90,-1.195,-46.02,76.06,7.27
66,Waipawa,72,NZ,2022-02-03 23:39:23,48,-41.4122,175.5153,74.03,7.81
67,Felanitx,30,ES,2022-02-03 23:39:24,80,39.4696,3.1483,55.45,5.44
68,Broken Hill,0,AU,2022-02-03 23:39:24,48,-31.95,141.4333,62.31,18.41
69,Cidreira,58,BR,2022-02-03 23:39:25,87,-30.1811,-50.2056,75.97,22.97
70,Jawhar,67,SO,2022-02-03 23:39:25,74,2.7809,45.5005,73.72,14.88
71,Port Lincoln,88,AU,2022-02-03 23:39:26,65,-34.7333,135.8667,64.81,16.42
72,Mahebourg,75,MU,2022-02-03 23:39:27,89,-20.4081,57.7,80.89,25.32
73,Vostok,100,RU,2022-02-03 23:39:27,96,46.4856,135.8833,-5.69,3.15
74,Norman Wells,20,CA,2022-02-03 23:39:27,61,65.282,-126.8329,-34.56,0.0
75,Oyama,85,JP,2022-02-03 23:39:28,40,36.3,139.8,41.59,3.44
76,Port Alfred,86,ZA,2022-02-03 23:39:28,77,-33.5906,26.891,70.18,18.1
77,West Bay,40,KY,2022-02-03 23:39:29,82,19.3667,-81.4167,80.67,1.01
78,Tasiilaq,100,GL,2022-02-03 23:39:29,60,65.6145,-37.6368,12.36,7.4
79,Anqiu,99,CN,2022-02-03 23:39:30,63,36.4342,119.1925,28.44,6.6
80,Flinders,86,AU,2022-02-03 23:39:30,85,-34.5833,150.8552,69.21,12.37
81,Finnsnes,64,NO,2022-02-03 23:39:31,93,69.2296,17.9811,19.36,9.57
82,Lompoc,0,US,2022-02-03 23:39:31,54,34.6391,-120.4579,66.34,12.66
83,Thompson,1,CA,2022-02-03 23:35:19,64,55.7435,-97.8558,-12.84,9.22
84,Manta,40,EC,2022-02-03 23:36:08,78,-0.95,-80.7333,78.58,11.5
85,Bambous Virieux,75,MU,2022-02-03 23:39:32,89,-20.3428,57.7575,80.85,25.32
86,Capoterra,0,IT,2022-02-03 23:39:33,87,39.1763,8.9718,47.55,4.61
87,Chokurdakh,75,RU,2022-02-03 23:39:33,100,70.6333,147.9167,-28.12,2.08
88,Avarua,20,CK,2022-02-03 23:39:34,74,-21.2078,-159.775,84.25,18.41
89,Andenes,64,NO,2022-02-03 23:39:34,68,69.3143,16.1194,21.18,25.32
90,Talnakh,96,RU,2022-02-03 23:39:35,98,69.4865,88.3972,-13.0,7.52
91,South Charleston,100,US,2022-02-03 23:40:35,99,38.3684,-81.6996,38.53,3.0
92,Valparaiso,0,CL,2022-02-03 23:38:16,61,-33.0393,-71.6273,70.03,8.05
93,Cape Town,75,ZA,2022-02-03 23:37:02,66,-33.9258,18.4232,64.27,1.99
94,Prince Rupert,100,CA,2022-02-03 23:38:51,87,54.3161,-130.3201,44.69,20.71
95,Dingle,95,PH,2022-02-03 23:40:37,84,10.9995,122.6711,78.21,10.69
96,Ormara,0,PK,2022-02-03 23:40:37,26,25.2088,64.6357,67.01,12.3
97,Bathsheba,20,BB,2022-02-03 23:40:37,65,13.2167,-59.5167,77.61,13.8
98,Opuwo,6,NA,2022-02-03 23:40:38,55,-18.0607,13.84,65.25,4.18
99,Korce,8,AL,2022-02-03 23:40:38,87,40.6186,20.7808,15.33,0.94
100,Iqaluit,75,CA,2022-02-03 23:40:39,64,63.7506,-68.5145,-9.67,10.36
101,Dikson,99,RU,2022-02-03 23:40:40,97,73.5069,80.5464,-12.5,6.17
102,Jaisalmer,0,IN,2022-02-03 23:40:40,27,26.9147,70.9181,58.33,9.62
103,Butaritari,25,KI,2022-02-03 23:40:40,74,3.0707,172.7902,82.26,14.67
104,Kununurra,75,AU,2022-02-03 23:40:41,89,-15.7667,128.7333,82.38,3.44
105,Georgetown,20,MY,2022-02-03 23:37:23,91,5.4112,100.3354,80.53,1.99
106,Mombetsu,54,JP,2022-02-03 23:40:41,82,44.3525,143.3525,14.86,9.51
107,Dire,0,ML,2022-02-03 23:40:42,15,12.2833,-10.9667,74.23,2.8
108,El Prat De Llobregat,20,ES,2022-02-03 23:40:43,81,41.3278,2.0947,55.96,4.61
109,Port-Gentil,75,GA,2022-02-03 23:40:43,89,-0.7193,8.7815,78.76,4.61
110,Pimentel,0,PE,2022-02-03 23:40:44,73,-6.8367,-79.9342,71.89,19.57
111,Aksarka,99,RU,2022-02-03 23:40:44,100,66.5606,67.7975,-15.77,1.41
112,Havre-Saint-Pierre,100,CA,2022-02-03 23:40:45,73,50.2334,-63.5986,18.19,19.57
113,New Norfolk,9,AU,2022-02-03 23:40:46,50,-42.7826,147.0587,62.92,1.01
114,Saint-Philippe,100,RE,2022-02-03 23:40:46,95,-21.3585,55.7679,78.35,35.41
115,Khandyga,88,RU,2022-02-03 23:40:46,100,62.6667,135.6,-38.06,2.06
116,Mount Gambier,75,AU,2022-02-03 23:40:47,55,-37.8333,140.7667,66.11,13.8
117,Pontes E Lacerda,90,BR,2022-02-03 23:37:03,97,-15.2261,-59.3353,74.19,4.27
118,Port Macquarie,75,AU,2022-02-03 23:40:48,100,-31.4333,152.9167,67.89,10.36
119,Severo-Kurilsk,100,RU,2022-02-03 23:40:48,86,50.6789,156.125,31.1,10.87
120,Margate,99,GB,2022-02-03 23:40:49,86,51.3813,1.3862,48.96,19.1
121,Mbandaka,94,CD,2022-02-03 23:40:49,71,0.0487,18.2603,71.42,4.47
122,Arraial Do Cabo,75,BR,2022-02-03 23:37:53,94,-22.9661,-42.0278,75.16,3.44
123,Terrace Bay,5,CA,2022-02-03 23:40:50,82,48.7834,-87.1,-6.18,5.32
124,Kambove,100,CD,2022-02-03 23:40:50,98,-10.8764,26.5969,61.03,6.73
125,Nikolskoye,99,RU,2022-02-03 23:40:51,100,59.7035,30.7861,1.29,1.16
126,Handan,28,CN,2022-02-03 23:40:51,46,36.6006,114.4678,28.09,9.13
127,Bambanglipuro,91,ID,2022-02-03 23:40:52,84,-7.95,110.2833,63.61,3.76
128,Alice Springs,89,AU,2022-02-03 23:40:52,56,-23.7,133.8833,67.55,10.36
129,Macomb,75,US,2022-02-03 23:39:04,65,40.4592,-90.6718,16.16,3.0
130,Riyadh,0,SA,2022-02-03 23:36:37,37,24.6877,46.7219,62.74,8.86
131,Pacific Grove,0,US,2022-02-03 23:40:55,72,36.6177,-121.9166,64.8,1.99
132,Murgab,39,TM,2022-02-03 23:40:55,76,37.4966,61.9714,44.47,11.5
133,Middlesbrough,100,GB,2022-02-03 23:40:56,86,54.5762,-1.2348,50.31,16.35
134,Saint George,0,US,2022-02-03 23:39:14,22,37.1041,-113.5841,48.79,8.01
135,Kibuye,99,RW,2022-02-03 23:40:56,77,-2.0597,29.3482,66.25,0.76
136,Tuktoyaktuk,100,CA,2022-02-03 23:40:57,76,69.4541,-133.0374,-18.4,14.97
137,Beidao,92,CN,2022-02-03 23:41:58,94,34.5686,105.8933,19.08,1.3
138,Malanje,100,AO,2022-02-03 23:41:58,86,-9.5402,16.341,63.61,1.07
139,Naryan-Mar,97,RU,2022-02-03 23:41:59,100,67.6713,53.087,-2.02,4.63
140,Ulaangom,38,MN,2022-02-03 23:41:59,84,49.9811,92.0667,-22.83,3.31
141,Faanui,51,PF,2022-02-03 23:42:00,71,-16.4833,-151.75,81.18,16.44
142,Cartagena,20,CO,2022-02-03 23:40:01,74,10.3997,-75.5144,82.02,11.5
143,Muscat,0,OM,2022-02-03 23:42:00,43,23.6139,58.5922,62.62,6.6
144,Saint-Raphael,82,HT,2022-02-03 23:42:01,94,19.4333,-72.2,67.95,5.08
145,Merrill,1,US,2022-02-03 23:42:02,43,45.1805,-89.6835,10.17,0.0
146,Nieuw Amsterdam,40,SR,2022-02-03 23:42:03,90,5.8833,-55.0833,77.02,4.61
147,East London,99,ZA,2022-02-03 23:42:03,81,-33.0153,27.9116,70.3,15.26
148,Mount Pleasant,0,US,2022-02-03 23:38:50,83,32.7941,-79.8626,69.94,1.01
149,Grimshaw,100,CA,2022-02-03 23:37:17,77,56.1834,-117.6027,-6.99,4.61
150,Tecoanapa,0,MX,2022-02-03 23:42:05,60,16.5167,-98.75,79.9,6.93
151,Kulhudhuffushi,9,MV,2022-02-03 23:42:05,74,6.6221,73.07,80.02,9.73
152,San Cristobal,78,VE,2022-02-03 23:42:06,57,7.7669,-72.225,77.18,0.87
153,Yeppoon,100,AU,2022-02-03 23:42:06,84,-23.1333,150.7333,80.38,16.06
154,Ketchikan,100,US,2022-02-03 23:42:07,100,55.3422,-131.6461,44.58,8.05
155,Poum,98,NC,2022-02-03 23:42:07,83,-20.2333,164.0167,82.54,16.84
156,Carnarvon,28,AU,2022-02-03 23:42:08,78,-24.8667,113.6333,80.67,8.05
157,Taoudenni,73,ML,2022-02-03 23:42:09,19,22.6783,-3.9836,64.51,11.39
158,Karakol,99,KG,2022-02-03 23:42:10,91,42.4907,78.3936,20.03,3.87
159,Anadyr,71,RU,2022-02-03 23:42:10,62,64.75,177.4833,14.5,38.03
160,Pochutla,0,MX,2022-02-03 23:42:11,57,15.7432,-96.4661,84.02,5.26
161,Komsomolskiy,6,UZ,2022-02-03 23:42:11,80,40.4272,71.7189,35.02,6.91
162,Sakhipur,54,BD,2022-02-03 23:42:12,76,24.3,90.1833,66.07,6.93
163,Sao Filipe,0,CV,2022-02-03 23:42:13,72,14.8961,-24.4956,74.14,7.25
164,Grand Baie,100,MU,2022-02-03 23:42:13,84,-20.0182,57.5802,81.07,11.01
165,Sorong,96,ID,2022-02-03 23:42:14,80,-0.8833,131.25,81.93,8.66
166,Kodiak,100,US,2022-02-03 23:42:14,87,57.79,-152.4072,42.31,6.91
167,Tuatapere,100,NZ,2022-02-03 23:42:15,91,-46.1333,167.6833,53.82,5.28
168,Lata,100,PT,2022-02-03 23:42:15,94,40.1629,-8.3327,49.91,0.6
169,Plettenberg Bay,99,ZA,2022-02-03 23:42:16,81,-34.0527,23.3716,64.31,7.31
170,Kankakee,90,US,2022-02-03 23:42:17,85,41.15,-87.8667,24.66,17.27
171,Westport,100,US,2022-02-03 23:37:47,96,41.1415,-73.3579,46.44,4.0
172,Nizhneangarsk,98,RU,2022-02-03 23:42:18,95,55.7833,109.55,-5.89,1.79
173,Fuyang,4,CN,2022-02-03 23:42:18,84,32.9,115.8167,33.8,2.26
174,Katangli,100,RU,2022-02-03 23:42:19,93,51.7102,143.2326,6.21,17.22
175,Changping,0,CN,2022-02-03 23:42:19,39,40.2186,116.2197,20.84,7.0
176,Sao Joao Da Barra,100,BR,2022-02-03 23:40:18,95,-21.6403,-41.0511,74.32,6.91
177,Gornyy,96,RU,2022-02-03 23:42:20,100,55.1153,83.9059,-0.9,6.15
178,Sivas,100,TR,2022-02-03 23:42:20,100,39.7916,37.0019,30.83,13.8
179,Leshukonskoye,97,RU,2022-02-03 23:42:21,99,64.8989,45.7622,0.18,2.26
180,Bandarbeyla,1,SO,2022-02-03 23:43:22,72,9.4942,50.8122,72.52,13.29
181,Manggar,45,ID,2022-02-03 23:43:22,81,-2.8833,108.2667,78.71,2.68
182,Bethel,90,US,2022-02-03 23:43:23,95,41.3712,-73.414,43.11,0.0
183,Khatanga,37,RU,2022-02-03 23:43:23,100,71.9667,102.5,-33.02,3.74
184,Mar Del Plata,0,AR,2022-02-03 23:42:27,90,-38.0023,-57.5575,71.62,4.0
185,Linares,34,CL,2022-02-03 23:43:24,55,-35.85,-71.6,67.64,4.72
186,Griffith,90,US,2022-02-03 23:43:24,71,41.5284,-87.4237,24.98,5.99
187,Natal,20,BR,2022-02-03 23:38:43,83,-5.795,-35.2094,81.25,10.36
188,Porto Novo,69,BJ,2022-02-03 23:43:25,83,6.4965,2.6036,82.22,6.29
189,Hofn,72,IS,2022-02-03 23:43:25,59,64.2539,-15.2082,27.86,24.7
190,Acajutla,6,SV,2022-02-03 23:43:26,72,13.5928,-89.8275,82.8,4.0
191,Huarmey,25,PE,2022-02-03 23:43:26,77,-10.0681,-78.1522,72.81,9.1
192,Grand Gaube,100,MU,2022-02-03 23:43:27,84,-20.0064,57.6608,81.0,11.01
193,Grindavik,75,IS,2022-02-03 23:43:28,74,63.8424,-22.4338,25.27,13.8
194,Isangel,75,VU,2022-02-03 23:43:28,79,-19.55,169.2667,86.11,4.61
195,Lasa,95,IT,2022-02-03 23:43:29,71,46.6166,10.7002,38.66,2.8
196,Upernavik,100,GL,2022-02-03 23:43:29,66,72.7868,-56.1549,2.57,4.47
197,Ossora,100,RU,2022-02-03 23:43:30,89,59.2353,163.0719,15.06,12.33
198,Padang,82,ID,2022-02-03 23:43:30,86,-0.9492,100.3543,75.25,4.16
199,Chuy,97,UY,2022-02-03 23:43:31,90,-33.6971,-53.4616,74.59,7.45
200,Gien,73,FR,2022-02-03 23:43:31,91,47.6933,2.6309,41.5,8.39
201,Eureka,77,US,2022-02-03 23:43:32,77,40.8021,-124.1637,55.2,5.01
202,Udachnyy,99,RU,2022-02-03 23:43:32,100,66.4167,112.4,-20.51,2.42
203,Souillac,75,MU,2022-02-03 23:43:33,89,-20.5167,57.5167,80.98,25.32
204,Chapais,95,CA,2022-02-03 23:43:33,98,49.7834,-74.8492,-15.02,2.53
205,Makakilo City,1,US,2022-02-03 23:42:35,43,21.3469,-158.0858,79.12,12.66
206,Virginia Beach,100,US,2022-02-03 23:42:09,74,36.8529,-75.978,64.62,15.23
207,Makarov,98,RU,2022-02-03 23:43:35,81,48.6333,142.8,12.11,6.89
208,Geraldton,0,AU,2022-02-03 23:43:35,19,-28.7667,114.6,87.13,4.61
209,Te Anau,100,NZ,2022-02-03 23:43:36,97,-45.4167,167.7167,47.3,2.71
210,Hanyang,92,CN,2022-02-03 23:43:36,84,32.1371,105.5126,33.62,2.64
211,Broome,100,US,2022-02-03 23:43:37,84,42.2506,-75.833,35.37,4.0
212,Joigny,71,FR,2022-02-03 23:43:37,92,47.9829,3.401,42.82,7.92
213,Yulara,41,AU,2022-02-03 23:43:38,43,-25.2406,130.9889,69.64,16.11
214,Provideniya,80,RU,2022-02-03 23:43:38,59,64.3833,-173.3,4.68,22.88
215,Nakhon Thai,89,TH,2022-02-03 23:43:38,71,17.1006,100.8374,71.51,3.0
216,Erenhot,9,CN,2022-02-03 23:43:39,94,43.6475,111.9767,-4.07,5.01
217,Marystown,100,CA,2022-02-03 23:43:39,100,47.1666,-55.1483,37.85,8.99
218,Batagay-Alyta,99,RU,2022-02-03 23:43:40,98,67.8006,130.4114,-20.4,3.69
219,Xining,37,CN,2022-02-03 23:41:55,58,36.6167,101.7667,12.04,1.57
220,Yar-Sale,95,RU,2022-02-03 23:43:41,100,66.8333,70.8333,-8.66,5.44
221,Libreville,100,GA,2022-02-03 23:43:41,77,0.3925,9.4537,79.03,4.5
222,Letlhakane,50,BW,2022-02-03 23:43:42,69,-21.4167,25.5833,73.72,6.17
223,Dzaoudzi,20,YT,2022-02-03 23:43:42,78,-12.7887,45.2699,82.29,9.22
224,Madang,90,PG,2022-02-03 23:43:43,71,-5.2246,145.7966,81.48,7.56
225,Lakes Entrance,86,AU,2022-02-03 23:43:43,69,-37.8811,147.981,66.16,0.85
226,Zaysan,79,KZ,2022-02-03 23:43:44,83,47.4667,84.8667,-5.39,3.04
227,Abilene,100,US,2022-02-03 23:43:44,75,32.4487,-99.7331,21.69,19.57
228,Kavieng,96,PG,2022-02-03 23:43:45,75,-2.5744,150.7967,81.99,6.91
229,Airai,99,TL,2022-02-03 23:44:45,79,-8.9266,125.4092,66.85,3.0
230,Yarada,40,IN,2022-02-03 23:44:46,94,17.65,83.2667,70.12,2.3
231,Tomatlan,62,MX,2022-02-03 23:44:46,45,19.9333,-105.25,78.62,8.05
232,Oktyabrskoye,100,RU,2022-02-03 23:44:47,100,43.0645,44.7417,26.74,4.47
233,Yumen,57,CN,2022-02-03 23:44:47,39,40.2833,97.2,13.37,9.04
234,San Rafael,84,AR,2022-02-03 23:43:19,66,-34.6177,-68.3301,65.14,18.34
235,Sasykoli,100,RU,2022-02-03 23:44:48,89,47.5515,46.9968,30.92,6.24
236,Gouyave,20,GD,2022-02-03 23:44:49,78,12.1646,-61.7296,77.77,9.22
237,Kismayo,97,SO,2022-02-03 23:44:49,88,-0.3582,42.5454,78.28,18.95
238,Diego De Almagro,0,CL,2022-02-03 23:44:50,31,-26.3667,-70.05,68.31,4.79
239,Clyde River,90,CA,2022-02-03 23:44:50,84,70.4692,-68.5914,-9.17,34.52
240,Cherskiy,67,RU,2022-02-03 23:44:51,99,68.75,161.3,-31.4,3.8
241,Constitucion,59,CL,2022-02-03 23:44:51,93,-35.3333,-72.4167,59.07,8.14
242,Hasaki,76,JP,2022-02-03 23:44:52,54,35.7333,140.8333,36.28,12.33
243,Hohhot,0,CN,2022-02-03 23:44:52,60,40.8106,111.6522,3.49,2.24
244,Sungaipenuh,95,ID,2022-02-03 23:44:53,95,-2.0833,101.3833,63.95,3.2
245,Kaitangata,100,NZ,2022-02-03 23:44:53,96,-46.2817,169.8464,48.58,3.27
246,Cayenne,100,GF,2022-02-03 23:44:54,89,4.9333,-52.3333,79.09,4.0
247,Moyale,98,KE,2022-02-03 23:44:54,38,3.5167,39.0584,73.27,11.14
248,Terney,1,RU,2022-02-03 23:44:55,66,45.0503,136.6092,8.1,10.78
249,Kurchum,42,KZ,2022-02-03 23:44:55,95,48.5722,83.6542,-14.87,1.19
250,Praia Da Vitoria,20,PT,2022-02-03 23:44:55,88,38.7333,-27.0667,57.45,13.47
251,Dunedin,100,NZ,2022-02-03 23:44:56,95,-45.8742,170.5036,50.68,3.31
252,Marienburg,100,PL,2022-02-03 23:44:56,97,54.0359,19.0266,37.85,10.4
253,Karratha,49,AU,2022-02-03 23:44:57,57,-20.7377,116.8463,86.52,5.55
254,Ribeira Grande,100,PT,2022-02-03 23:40:24,74,38.5167,-28.7,58.6,18.1
255,Zhanaozen,92,KZ,2022-02-03 23:44:58,53,43.3,52.8,41.72,19.46
256,Srivardhan,26,IN,2022-02-03 23:44:59,77,18.0333,73.0167,69.13,2.01
257,Pangnirtung,90,CA,2022-02-03 23:44:59,77,66.1451,-65.7125,-4.0,10.36
258,Aklavik,20,CA,2022-02-03 23:45:00,76,68.2191,-135.0107,-22.97,3.44
259,Malakal,97,SS,2022-02-03 23:45:00,22,9.5334,31.6605,77.72,4.68
260,Labytnangi,98,RU,2022-02-03 23:45:01,100,66.6572,66.4183,-18.69,1.5
261,Sitka,90,US,2022-02-03 23:45:01,93,57.0531,-135.33,39.09,5.75
262,Myszkow,100,PL,2022-02-03 23:45:02,97,50.5752,19.3246,35.98,10.0
263,Vila Velha,75,BR,2022-02-03 23:40:12,94,-20.3297,-40.2925,76.95,2.3
264,Kencong,93,ID,2022-02-03 23:45:03,84,-8.2833,113.3667,77.38,2.48
265,Tahta,0,EG,2022-02-03 23:45:03,48,26.7693,31.5021,50.32,7.58
266,Onokhoy,59,RU,2022-02-03 23:45:04,100,51.932,108.0747,-20.45,2.44
267,Camacha,20,PT,2022-02-03 23:45:04,94,33.0833,-16.3333,62.53,9.22
268,Quatre Cocos,100,MU,2022-02-03 23:45:05,90,-20.2078,57.7625,80.71,21.9
269,Angoche,60,MZ,2022-02-03 23:45:05,86,-16.2325,39.9086,75.96,4.0
270,Haines Junction,100,CA,2022-02-03 23:45:06,65,60.7522,-137.5108,-2.25,3.44
271,Kondinskoye,100,RU,2022-02-03 23:45:06,94,59.6481,67.41,24.58,11.61
272,Carnot,80,CF,2022-02-03 23:45:07,32,4.9409,15.8665,67.28,2.08
273,Acarau,59,BR,2022-02-03 23:45:07,80,-2.8856,-40.12,79.99,14.25
274,Pontianak,20,ID,2022-02-03 23:45:08,88,-0.0333,109.3333,76.98,3.44
275,Muros,100,ES,2022-02-03 23:46:08,94,42.7762,-9.0603,55.24,5.61
276,Storforshei,100,NO,2022-02-03 23:46:09,94,66.4043,14.5233,9.88,8.72
277,Paveh,99,IR,2022-02-03 23:46:10,55,35.0434,46.3565,35.8,7.65
278,Pilar,100,BR,2022-02-03 23:46:11,77,-9.5972,-35.9567,78.73,5.79
279,Caernarfon,100,GB,2022-02-03 23:44:38,48,53.1413,-4.2702,45.09,12.66
280,Lahij,0,YE,2022-02-03 23:46:12,72,13.1667,44.5833,68.99,3.83
281,Ilulissat,100,GL,2022-02-03 23:45:35,45,69.2167,-51.1,19.42,25.32
282,Dukat,37,RU,2022-02-03 23:46:12,81,62.55,155.55,-15.57,7.43
283,Urusha,22,RU,2022-02-03 23:46:13,84,54.05,122.9,-9.89,5.1
284,Kamenka,100,RU,2022-02-03 23:46:13,100,51.3223,42.7678,32.76,4.16
285,Kahului,20,US,2022-02-03 23:44:53,55,20.8947,-156.47,83.46,12.66
286,Farmington,0,US,2022-02-03 23:46:14,30,36.7281,-108.2187,32.7,4.61
287,Hua Hin,20,TH,2022-02-03 23:46:14,94,12.5707,99.9588,75.22,1.14
288,Madras,20,IN,2022-02-03 23:46:02,84,13.0878,80.2785,75.18,0.0
289,Road Town,40,VG,2022-02-03 23:44:15,83,18.4167,-64.6167,77.09,5.75
290,Guiratinga,46,BR,2022-02-03 23:46:16,89,-16.3494,-53.7583,72.72,2.01
291,Pionki,100,PL,2022-02-03 23:46:17,61,51.476,21.4499,34.18,6.62
292,Shingu,90,JP,2022-02-03 23:46:17,52,33.7333,135.9833,40.91,4.9
293,San Matias,71,BO,2022-02-03 23:46:18,93,-16.3667,-58.4,76.03,4.52
294,Buala,100,SB,2022-02-03 23:46:18,91,-8.145,159.5921,76.6,10.47
295,Saint-Francois,100,FR,2022-02-03 23:46:19,87,46.4154,3.9054,40.68,5.75
296,Mongu,100,ZM,2022-02-03 23:46:19,97,-15.2484,23.1274,66.34,3.36
297,Nkhotakota,51,MW,2022-02-03 23:46:20,82,-12.9274,34.2961,73.49,2.84
298,Bosaso,1,SO,2022-02-03 23:46:20,76,11.2842,49.1816,71.11,1.57
299,Qaqortoq,100,GL,2022-02-03 23:46:21,93,60.7167,-46.0333,27.1,11.52
300,Altay,3,CN,2022-02-03 23:46:21,62,47.8667,88.1167,4.03,7.45
301,Union,100,US,2022-02-03 23:46:22,98,40.6334,-74.2663,46.15,0.0
302,Wanaka,100,NZ,2022-02-03 23:46:22,93,-44.7,169.15,51.12,1.01
303,Lewistown,100,US,2022-02-03 23:43:46,100,40.5992,-77.5714,41.43,5.75
304,Ulladulla,90,AU,2022-02-03 23:46:23,80,-35.35,150.4667,68.9,11.54
305,Yaring,43,TH,2022-02-03 23:46:24,85,6.8662,101.3689,76.28,9.08
306,Urubamba,89,PE,2022-02-03 23:46:24,85,-13.3047,-72.1158,58.1,6.49
307,Aquiraz,74,BR,2022-02-03 23:46:25,86,-3.9014,-38.3911,83.17,8.12
308,Umm Lajj,0,SA,2022-02-03 23:46:26,51,25.0213,37.2685,69.98,15.55
309,Sault Sainte Marie,0,CA,2022-02-03 23:46:26,56,46.5168,-84.3333,7.9,5.75
310,Biak,100,ID,2022-02-03 23:46:27,68,-0.9131,122.8766,80.11,2.33
311,Kruisfontein,57,ZA,2022-02-03 23:46:27,80,-34.0033,24.7314,64.89,11.54
312,Labuhan,100,ID,2022-02-03 23:46:28,85,-6.8844,112.2051,77.34,8.41
313,Paamiut,100,GL,2022-02-03 23:46:28,95,61.994,-49.6678,18.36,4.07
314,Nichinan,74,JP,2022-02-03 23:46:29,68,31.6,131.3667,44.28,5.77
315,Pisco,0,PE,2022-02-03 23:46:29,73,-13.7,-76.2167,71.65,21.85
316,Saint Anthony,0,US,2022-02-03 23:46:30,54,45.0205,-93.218,4.6,0.0
317,Albina,42,SR,2022-02-03 23:46:30,98,5.5,-54.05,72.66,2.26
318,Berlevag,20,NO,2022-02-03 23:46:31,73,70.8578,29.0864,19.35,14.97
319,Pestovo,100,RU,2022-02-03 23:47:32,100,58.5938,35.8024,-4.63,2.44
320,Shimoda,99,JP,2022-02-03 23:47:32,59,34.6667,138.95,44.96,6.4
321,Boqueirao,100,BR,2022-02-03 23:47:33,70,-7.5,-36.1333,78.35,12.57
322,Sinor,2,IN,2022-02-03 23:47:34,31,21.9167,73.3333,60.82,3.15
323,Peniche,100,PT,2022-02-03 23:47:34,83,39.3558,-9.3811,54.09,1.3
324,Emba,100,KZ,2022-02-03 23:47:35,78,48.8264,58.1442,20.77,11.3
325,Lashio,1,MM,2022-02-03 23:47:35,80,22.9333,97.75,44.51,1.99
326,Macas,100,EC,2022-02-03 23:47:36,88,-2.3167,-78.1167,71.35,0.0
327,Asau,76,RO,2022-02-03 23:47:36,91,46.4333,26.4,24.76,5.41
328,Redondela,75,ES,2022-02-03 23:47:36,82,42.2834,-8.6096,55.26,4.61
329,Lazaro Cardenas,0,MX,2022-02-03 23:47:37,60,17.9583,-102.2,78.3,7.56
330,Cuamba,56,MZ,2022-02-03 23:47:37,86,-14.8031,36.5372,71.01,2.93
331,Coquimbo,0,CL,2022-02-03 23:47:38,77,-29.9533,-71.3436,65.93,12.66
332,Putina,81,PE,2022-02-03 23:47:39,74,-15.4667,-69.4333,48.47,5.39
333,Tura,72,IN,2022-02-03 23:47:39,67,25.5198,90.2201,58.8,3.15
334,Zabid,4,YE,2022-02-03 23:47:40,65,14.1951,43.3152,75.24,5.95
335,Calabozo,75,VE,2022-02-03 23:47:40,39,8.9242,-67.4293,88.12,1.7
336,Rio Grande,34,BR,2022-02-03 23:47:41,89,-32.035,-52.0986,75.97,12.19
337,Saint-Joseph,100,RE,2022-02-03 23:47:41,92,-21.3667,55.6167,77.36,29.75
338,Sao Jose Da Coroa Grande,97,BR,2022-02-03 23:47:42,74,-8.8978,-35.1478,79.38,9.22
339,Salalah,0,OM,2022-02-03 23:47:42,78,17.0151,54.0924,69.89,2.3
340,Guerrero Negro,0,MX,2022-02-03 23:47:43,26,27.9769,-114.0611,63.57,18.48
341,Xichang,92,CN,2022-02-03 23:47:44,96,27.8964,102.2634,39.9,0.16
342,Mezen,92,RU,2022-02-03 23:47:44,100,65.8522,44.24,-3.87,2.55
343,Ucar,74,AZ,2022-02-03 23:47:45,42,40.519,47.6542,35.78,0.49
344,Abha,20,SA,2022-02-03 23:47:45,88,18.2164,42.5053,57.02,4.61
345,Escanaba,75,US,2022-02-03 23:45:48,66,45.7453,-87.0646,12.51,5.75
346,Tibiri,7,NE,2022-02-03 23:47:46,18,13.5627,7.0485,60.85,15.46
347,Buloh Kasap,98,MY,2022-02-03 23:47:47,97,2.5536,102.764,76.91,3.27
348,Camana,77,PE,2022-02-03 23:47:47,80,-16.6228,-72.7111,71.64,7.36
349,Tianpeng,98,CN,2022-02-03 23:47:48,87,30.9866,103.9393,39.67,2.59
350,San Patricio,100,US,2022-02-03 23:47:48,73,28.017,-97.5169,37.49,18.07
351,Akureyri,75,IS,2022-02-03 23:43:34,80,65.6835,-18.0878,24.73,16.11
352,San Jeronimo,76,PE,2022-02-03 23:47:49,74,-11.9472,-75.2829,54.16,5.61
353,Mecca,51,SA,2022-02-03 23:47:49,84,21.4267,39.8261,71.87,4.14
354,Rio Cuarto,0,AR,2022-02-03 23:45:54,57,-33.1307,-64.3499,80.37,5.75
355,Oksfjord,88,NO,2022-02-03 23:47:50,94,70.2396,22.3479,18.52,14.25
356,Namibe,2,AO,2022-02-03 23:47:51,76,-15.1961,12.1522,72.1,7.02
357,Acapulco,20,MX,2022-02-03 23:45:42,65,16.8634,-99.8901,82.22,8.05
358,Bilma,0,NE,2022-02-03 23:47:52,25,18.6853,12.9164,55.31,15.75
359,Leon,33,MX,2022-02-03 23:45:14,21,21.1167,-101.6667,71.53,13.71
360,Kemijarvi,96,FI,2022-02-03 23:47:52,99,66.7131,27.4306,6.04,2.66
361,Vao,98,NC,2022-02-03 23:47:53,90,-22.6667,167.4833,77.23,7.96
362,Hobyo,47,SO,2022-02-03 23:47:53,76,5.3505,48.5268,75.27,16.49
363,Tokat,100,TR,2022-02-03 23:47:54,89,40.4167,36.5833,28.11,1.72
364,Kirakira,100,SB,2022-02-03 23:47:54,77,-10.4544,161.9205,83.37,9.24
365,Lagoa,100,PT,2022-02-03 23:47:55,73,39.05,-27.9833,57.78,14.05
366,Shakawe,82,BW,2022-02-03 23:47:55,91,-18.3667,21.85,65.32,4.72
367,Korampallam,5,IN,2022-02-03 23:47:56,78,8.7667,78.1,73.44,2.55
368,Ambilobe,100,MG,2022-02-03 23:47:56,92,-13.2,49.05,75.76,6.42
369,Ibotirama,54,BR,2022-02-03 23:48:57,58,-12.1853,-43.2206,78.13,1.54
370,Korsakov,100,RU,2022-02-03 23:48:57,78,46.6328,142.7813,15.64,16.42
371,Collie,45,AU,2022-02-03 23:48:57,17,-33.3667,116.15,83.7,10.13
372,Nanortalik,100,GL,2022-02-03 23:48:58,74,60.1432,-45.2371,27.97,14.32
373,Lebu,89,CL,2022-02-03 23:48:59,91,-37.6167,-73.65,60.46,13.96
374,Honningsvag,89,NO,2022-02-03 23:48:59,71,70.9821,25.9704,25.93,18.5
375,Maksatikha,99,RU,2022-02-03 23:49:00,98,57.797,35.8825,8.92,3.78
376,Nemuro,23,JP,2022-02-03 23:49:00,70,43.3236,145.575,19.83,16.06
377,Aljezur,99,PT,2022-02-03 23:49:01,60,37.3191,-8.8033,54.28,4.63
378,Ola,40,RU,2022-02-03 23:49:01,78,59.5833,151.2833,3.24,11.39
379,Villamontes,65,BO,2022-02-03 23:49:02,46,-21.25,-63.5,84.36,3.83
380,Mount Isa,100,AU,2022-02-03 23:49:02,34,-20.7333,139.5,78.57,17.27
381,Vila Franca Do Campo,83,PT,2022-02-03 23:49:03,82,37.7167,-25.4333,61.2,10.25
382,Ambon,40,ID,2022-02-03 23:49:04,83,-3.6954,128.1814,80.74,4.61
383,San Carlos De Bariloche,40,AR,2022-02-03 23:47:10,40,-41.1456,-71.3082,67.75,14.97
384,Abu Samrah,30,SY,2022-02-03 23:49:04,75,35.3029,37.1841,45.39,7.25
385,Mpika,99,ZM,2022-02-03 23:49:05,98,-11.8343,31.4529,62.06,4.72
386,Tshikapa,100,CD,2022-02-03 23:49:06,97,-6.4167,20.8,66.72,1.16
387,Emerald,51,AU,2022-02-03 23:46:16,61,-23.5333,148.1667,80.74,14.97
388,Pierre,0,US,2022-02-03 23:49:07,41,44.3683,-100.351,25.72,1.99
389,Tabas,99,IR,2022-02-03 23:49:07,30,33.5959,56.9244,47.37,2.04
390,Waddan,1,LY,2022-02-03 23:49:08,75,29.1614,16.139,48.78,7.09
391,Raudeberg,100,NO,2022-02-03 23:49:09,94,61.9875,5.1352,38.98,8.99
392,Gazanjyk,100,TM,2022-02-03 23:46:58,39,39.2446,55.5154,48.0,6.89
393,Midland,100,US,2022-02-03 23:48:13,65,31.9974,-102.0779,25.47,12.66
394,Sobolevo,89,RU,2022-02-03 23:49:10,99,54.4299,31.8996,8.6,7.0
395,Coihaique,75,CL,2022-02-03 23:49:11,52,-45.5752,-72.0662,66.15,6.91
396,Marseille,100,FR,2022-02-03 23:49:11,88,43.3333,5.5,46.6,3.18
397,Morant Bay,4,JM,2022-02-03 23:49:12,82,17.8815,-76.4093,82.02,10.69
398,Russell,100,US,2022-02-03 23:46:33,80,32.3502,-85.1999,70.88,16.11
399,Marabba,75,SD,2022-02-03 23:49:12,15,12.35,32.1833,76.93,15.32
400,Pandan,97,PH,2022-02-03 23:49:13,89,14.0453,124.1694,77.49,13.8
401,Buchanan,30,LR,2022-02-03 23:49:13,84,5.8808,-10.0467,76.96,4.59
402,Mattru,1,SL,2022-02-03 23:49:14,94,7.6244,-11.8332,72.41,1.59
403,Cotonou,51,BJ,2022-02-03 23:49:15,89,6.3654,2.4183,82.38,8.05
404,Sume,98,BR,2022-02-03 23:49:15,58,-7.6717,-36.88,78.46,15.23
405,Seoul,0,KR,2022-02-03 23:49:16,76,37.5683,126.9778,24.24,3.44
406,Saint-Augustin,100,CA,2022-02-03 23:49:17,73,51.226,-58.6502,15.75,19.01
407,Merauke,97,ID,2022-02-03 23:49:17,75,-8.4667,140.3333,83.08,12.08
408,Port Augusta,0,AU,2022-02-03 23:49:18,37,-32.5,137.7667,71.71,7.74
409,Tilichiki,100,RU,2022-02-03 23:48:02,80,60.4667,166.1,2.98,10.78
410,Troitskoye,94,RU,2022-02-03 23:45:22,100,52.9821,84.6757,-3.5,2.71
411,Gimli,100,CA,2022-02-03 23:49:19,71,50.6336,-96.9907,-3.87,16.11
412,Mahajanga,40,MG,2022-02-03 23:47:54,83,-15.7167,46.3167,80.62,4.61
413,Chiredzi,17,ZW,2022-02-03 23:50:20,70,-21.05,31.6667,74.01,2.86
414,Yabrud,26,SY,2022-02-03 23:50:20,76,33.9674,36.6574,35.26,8.66
415,Zambezi,100,ZM,2022-02-03 23:50:21,98,-13.5432,23.1047,65.05,6.2
416,Eenhana,66,NA,2022-02-03 23:50:21,46,-17.4667,16.3333,72.77,3.04
417,Kontagora,60,NG,2022-02-03 23:50:22,14,10.3999,5.4695,72.48,7.2
418,Itarema,66,BR,2022-02-03 23:50:22,80,-2.9248,-39.9167,79.74,13.0
419,Iquique,26,CL,2022-02-03 23:50:23,79,-20.2208,-70.1431,69.84,3.13
420,Teguldet,100,RU,2022-02-03 23:50:23,95,57.3064,88.1667,13.05,7.31
421,Richards Bay,72,ZA,2022-02-03 23:50:24,92,-28.783,32.0377,77.29,6.44
422,Kuytun,89,RU,2022-02-03 23:50:24,100,54.3419,101.5036,-15.92,2.48
423,Shizunai,82,JP,2022-02-03 23:50:25,68,42.3339,142.3669,25.61,11.88
424,Mayo,90,US,2022-02-03 23:50:25,94,38.8876,-76.5119,55.94,1.01
425,Mocuba,12,MZ,2022-02-03 23:50:26,95,-16.8392,36.9856,70.9,3.06
426,Kieta,100,PG,2022-02-03 23:50:26,90,-6.2167,155.6333,77.32,2.62
427,Orissaare,47,EE,2022-02-03 23:50:27,85,58.5592,23.0826,27.97,8.03
428,Uthal,0,PK,2022-02-03 23:50:27,20,25.8072,66.6219,62.33,9.98
429,Marsh Harbour,52,BS,2022-02-03 23:50:28,67,26.5412,-77.0636,73.38,18.9
430,Sarlat-La-Caneda,100,FR,2022-02-03 23:50:28,94,44.889,1.2166,43.54,1.23
431,Naze,98,JP,2022-02-03 23:50:29,76,28.3667,129.4833,52.72,18.86
432,Paris,100,FR,2022-02-03 23:46:47,91,48.8534,2.3488,47.17,4.0
433,Muisne,69,EC,2022-02-03 23:50:30,86,0.6,-80.0333,76.6,9.55
434,Tezu,91,IN,2022-02-03 23:50:30,58,27.9167,96.1667,54.48,3.85
435,Jaciara,76,BR,2022-02-03 23:50:30,90,-15.9653,-54.9683,73.58,3.51
436,Manaure,0,CO,2022-02-03 23:50:31,71,11.7751,-72.4445,80.71,21.54
437,Sola,100,VU,2022-02-03 23:50:31,89,-13.8833,167.55,81.27,0.0
438,Khatauli,100,IN,2022-02-03 23:50:32,94,29.2833,77.7167,52.47,9.86
439,Gushi,47,CN,2022-02-03 23:50:32,71,34.6425,109.5843,33.57,5.5
440,Guarapari,100,BR,2022-02-03 23:50:33,91,-20.6667,-40.4975,76.89,3.27
441,Springbok,0,ZA,2022-02-03 23:50:33,59,-29.6643,17.8865,64.0,5.75
442,Ak-Dovurak,23,RU,2022-02-03 23:50:34,94,51.1833,90.6,-19.3,0.63
443,Bara,2,NG,2022-02-03 23:50:34,20,10.3744,10.7288,66.07,9.51
444,Sawakin,91,SD,2022-02-03 23:50:35,84,19.1059,37.3321,77.56,8.05
445,Touros,73,BR,2022-02-03 23:50:35,75,-5.1989,-35.4608,81.5,12.88
446,Whitehorse,100,CA,2022-02-03 23:46:48,71,60.7161,-135.0538,-6.83,2.3
447,Linhares,96,BR,2022-02-03 23:50:36,94,-19.3911,-40.0722,74.61,1.3
448,Gobabis,79,NA,2022-02-03 23:50:37,40,-22.45,18.9667,72.63,11.68
449,Burgersdorp,94,ZA,2022-02-03 23:50:37,61,-30.9977,26.3286,65.21,4.97
450,Montepuez,62,MZ,2022-02-03 23:50:38,94,-13.1256,38.9997,69.39,3.0
451,Cape Girardeau,100,US,2022-02-03 23:50:38,89,37.3834,-89.7168,24.39,11.99
452,Den Helder,100,NL,2022-02-03 23:50:38,93,52.9599,4.7593,46.38,15.99
453,Half Moon Bay,75,US,2022-02-03 23:50:39,62,37.4636,-122.4286,66.45,3.0
454,Bud,100,US,2022-02-03 23:50:39,93,39.447,-86.1758,21.85,17.98
455,Aberystwyth,98,GB,2022-02-03 23:50:40,91,52.4155,-4.0829,51.78,23.96
456,Gizo,100,SB,2022-02-03 23:50:40,82,-8.103,156.8419,80.02,10.98
457,Borogontsy,100,RU,2022-02-03 23:50:41,100,62.6683,131.1683,-27.17,2.33
458,Humberto De Campos,57,BR,2022-02-03 23:50:41,90,-2.5983,-43.4611,76.3,5.66
459,Gacko,96,BA,2022-02-03 23:50:42,82,43.1672,18.5353,21.33,3.65
460,Austin,100,US,2022-02-03 23:49:00,87,30.2672,-97.7431,29.86,4.0
461,Frontera,90,MX,2022-02-03 23:51:43,86,26.9333,-101.45,32.32,4.0
462,Vestmanna,75,FO,2022-02-03 23:51:43,69,62.1564,-7.1664,31.12,26.46
463,Yining,81,CN,2022-02-03 23:51:44,92,29.0361,114.5636,37.33,1.7
464,Inuvik,40,CA,2022-02-03 23:51:44,76,68.3499,-133.7218,-11.99,1.14
465,Newtownards,100,GB,2022-02-03 23:51:45,73,54.5924,-5.6909,42.75,4.0
466,Maniitsoq,100,GL,2022-02-03 23:51:45,83,65.4167,-52.9,12.85,25.43
467,Vanimo,89,PG,2022-02-03 23:51:46,77,-2.6741,141.3028,80.98,1.48
468,Urucara,92,BR,2022-02-03 23:51:46,90,-2.5364,-57.76,76.05,1.23
469,Rangoon,32,MM,2022-02-03 23:51:47,88,16.8053,96.1561,62.56,5.75
470,Amapa,100,BR,2022-02-03 23:51:47,98,1.0,-52.0,73.02,3.6
471,Sibolga,61,ID,2022-02-03 23:51:48,87,1.7427,98.7792,73.96,3.51
472,Neyshabur,88,IR,2022-02-03 23:51:48,39,36.2133,58.7958,41.83,1.34
473,Ponnani,20,IN,2022-02-03 23:51:49,90,10.767,75.9252,72.72,5.79
474,Homa Bay,100,KE,2022-02-03 23:51:49,79,-0.5273,34.4571,66.94,4.05
475,El Fuerte,0,MX,2022-02-03 23:51:50,33,26.4189,-108.6194,69.28,14.43
476,Nouadhibou,0,MR,2022-02-03 23:51:50,52,20.931,-17.0347,69.78,10.36
477,Walvis Bay,0,NA,2022-02-03 23:51:51,81,-22.9575,14.5053,68.09,11.21
478,Nome,1,US,2022-02-03 23:51:52,62,64.5011,-165.4064,5.07,33.38
479,Imeni Zhelyabova,100,RU,2022-02-03 23:51:52,100,58.9544,36.5956,-1.37,1.81
480,Sabha,0,LY,2022-02-03 23:51:52,55,27.0377,14.4283,49.05,8.59
481,Brae,100,GB,2022-02-03 23:51:53,62,60.3964,-1.353,39.11,31.59
482,Nizwa,0,OM,2022-02-03 23:51:53,56,22.9333,57.5333,61.59,1.72
483,Concepcion Del Oro,88,MX,2022-02-03 23:51:54,54,24.6333,-101.4167,53.04,10.45
484,Tselinnoye,100,RU,2022-02-03 23:51:54,100,53.0833,85.6667,-4.79,1.74
485,Luwuk,100,ID,2022-02-03 23:51:55,67,-0.9516,122.7875,82.33,1.14
486,Lima,0,PE,2022-02-03 23:47:23,77,-12.0432,-77.0282,71.85,3.0
487,Houston,100,US,2022-02-03 23:47:55,87,29.7633,-95.3633,37.4,1.99
488,Ashqelon,7,IL,2022-02-03 23:51:55,62,31.6693,34.5715,55.4,19.42
489,Caravelas,67,BR,2022-02-03 23:51:56,87,-17.7125,-39.2481,76.98,5.37
490,Ajaccio,75,FR,2022-02-03 23:51:57,87,42.0,8.9167,50.05,3.44
491,Hambantota,0,LK,2022-02-03 23:51:57,86,6.1241,81.1185,72.99,6.82
492,Ancud,71,CL,2022-02-03 23:51:58,95,-41.8697,-73.8203,63.93,5.97
493,Port Said,0,EG,2022-02-03 23:51:59,67,31.2565,32.2841,55.38,11.5
494,Scarborough,100,GB,2022-02-03 23:51:59,83,54.2797,-0.4044,49.91,4.0
495,Batagay,94,RU,2022-02-03 23:52:00,99,67.6333,134.6333,-37.12,1.7
496,Husavik,99,IS,2022-02-03 23:52:00,83,66.0449,-17.3389,24.71,19.86
497,Kilindoni,93,TZ,2022-02-03 23:52:00,80,-7.9139,39.6668,80.33,8.75
498,Sarab,40,IR,2022-02-03 23:52:01,70,38.6066,44.9883,25.57,5.7
499,Wuda,0,CN,2022-02-03 23:52:01,44,39.4994,106.7117,12.09,0.63
500,Nueva Helvecia,100,UY,2022-02-03 23:52:02,82,-34.3,-57.2333,69.6,7.45
501,College,75,US,2022-02-03 23:52:02,58,64.8569,-147.8028,2.86,6.91
502,Oistins,20,BB,2022-02-03 23:52:03,65,13.0667,-59.5333,77.09,13.8
503,Malajog,99,PH,2022-02-03 23:52:03,93,12.1106,124.4792,76.17,9.73
504,Balestrand,100,NO,2022-02-03 23:52:04,97,61.2076,6.5334,41.16,2.68
505,Warwick,100,US,2022-02-03 23:52:04,97,41.7001,-71.4162,45.32,4.32
506,North Myrtle Beach,98,US,2022-02-03 23:51:09,94,33.816,-78.68,65.1,1.99
507,Dakar,0,SN,2022-02-03 23:53:05,64,14.6937,-17.4441,74.28,2.3
508,Pictou,100,CA,2022-02-03 23:53:06,100,45.6834,-62.7153,41.45,4.61
509,Karimganj,35,IN,2022-02-03 23:53:06,69,24.8667,92.35,57.33,6.29
510,Veraval,2,IN,2022-02-03 23:53:07,50,20.9,70.3667,63.45,7.83
511,Toktogul,35,KG,2022-02-03 23:53:07,69,41.8708,72.9402,19.69,4.07
512,Dauphin,75,CA,2022-02-03 23:53:08,70,51.1494,-100.0502,-9.26,3.44
513,Gornorechenskiy,31,RU,2022-02-03 23:53:08,74,44.2624,135.1133,4.77,11.56
514,Kushima,65,JP,2022-02-03 23:53:09,66,31.4583,131.2333,44.64,6.22
515,Shubarshi,100,KZ,2022-02-03 23:49:12,83,48.5872,57.1869,19.81,13.06
516,Ixtapa,96,MX,2022-02-03 23:53:09,78,20.7,-105.2,74.23,7.0
517,Zaraza,74,VE,2022-02-03 23:53:10,66,9.3503,-65.3245,78.98,10.49
518,Paraiso,44,CR,2022-02-03 23:53:10,96,9.8383,-83.8656,72.46,3.24
519,The Valley,20,AI,2022-02-03 23:53:11,78,18.217,-63.0578,78.66,4.61
520,Mandera,44,KE,2022-02-03 23:53:11,29,3.9366,41.867,80.64,7.61
521,Srednekolymsk,68,RU,2022-02-03 23:53:12,100,67.45,153.6833,-36.53,1.57
522,Port Hedland,84,AU,2022-02-03 23:53:12,65,-20.3167,118.5667,84.25,10.36
523,Novoagansk,100,RU,2022-02-03 23:53:12,95,61.9449,76.6625,21.11,11.56
524,Mabaruma,26,GY,2022-02-03 23:53:13,88,8.2,-59.7833,72.9,3.47
525,Kampene,100,CD,2022-02-03 23:53:14,100,-3.6,26.6667,66.36,1.66
526,Kiruna,100,SE,2022-02-03 23:53:14,84,67.8557,20.2251,-4.88,0.0
527,Rocha,100,UY,2022-02-03 23:53:15,96,-34.4833,-54.3333,70.88,4.85
528,Korla,100,CN,2022-02-03 23:53:15,47,41.7597,86.1469,24.62,6.58
529,Chenzhou,100,CN,2022-02-03 23:53:16,92,25.8,113.0333,38.19,2.01
530,Turukhansk,100,RU,2022-02-03 23:53:16,95,65.8167,87.9833,4.8,11.63
531,Sande,100,DE,2022-02-03 23:53:17,87,53.5049,8.0142,45.0,12.82
532,Akyab,1,MM,2022-02-03 23:53:17,70,20.15,92.9,62.1,6.42
533,Beringovskiy,98,RU,2022-02-03 23:53:18,77,63.05,179.3167,0.97,19.62
534,Middelburg,68,ZA,2022-02-03 23:53:18,72,-25.7751,29.4648,66.09,6.17
535,Deputatskiy,96,RU,2022-02-03 23:53:19,97,69.3,139.9,-25.62,2.35
536,Makat,95,KZ,2022-02-03 23:53:19,78,47.6469,53.3463,33.21,21.43
537,Sinnamary,83,GF,2022-02-03 23:50:42,90,5.3833,-52.95,76.26,10.31
538,Yatou,44,CN,2022-02-03 23:53:20,53,37.15,122.3833,28.42,9.15
539,Williams Lake,100,CA,2022-02-03 23:53:20,84,52.1415,-122.1445,27.97,8.05
540,Inhambane,0,MZ,2022-02-03 23:53:21,85,-23.865,35.3833,76.84,6.06
541,Ayan,100,RU,2022-02-03 23:53:22,69,56.45,138.1667,-3.95,14.72
542,Araouane,0,ML,2022-02-03 23:49:29,11,18.9048,-3.5265,65.46,9.89
543,Mersing,69,MY,2022-02-03 23:53:22,83,2.4312,103.8405,80.51,11.5
544,Lethem,36,GY,2022-02-03 23:53:23,58,3.3803,-59.7968,82.83,11.21
545,Gomel,100,BY,2022-02-03 23:53:23,93,52.4345,30.9754,22.98,11.18
546,Grenaa,100,DK,2022-02-03 23:53:24,97,56.4158,10.8783,44.82,16.15
547,Redmond,100,US,2022-02-03 23:53:24,86,47.674,-122.1215,49.98,1.01
548,Mananjary,98,MG,2022-02-03 23:53:25,93,-21.2167,48.3333,74.8,11.3
549,Adrar,0,MR,2022-02-03 23:49:12,17,20.5022,-10.0711,62.71,9.64
550,Bahia Blanca,6,AR,2022-02-03 23:53:25,38,-38.7196,-62.2724,78.22,12.17
551,Baiyin,6,CN,2022-02-03 23:54:26,35,36.5583,104.2081,5.88,2.68
552,Aripuana,80,BR,2022-02-03 23:54:27,98,-9.1667,-60.6333,73.53,1.1
553,Fortuna,0,US,2022-02-03 23:54:27,68,40.5982,-124.1573,59.18,1.99
554,Khromtau,100,KZ,2022-02-03 23:52:04,85,50.2503,58.4347,17.24,10.0
555,Dudinka,91,RU,2022-02-03 23:54:28,100,69.4058,86.1778,-21.91,3.96
556,Bubaque,0,GW,2022-02-03 23:54:28,75,11.2833,-15.8333,77.45,14.0
557,Pinheiro Machado,90,BR,2022-02-03 23:54:29,81,-31.5783,-53.3811,70.14,8.68
558,Akhnur,100,IN,2022-02-03 23:54:30,84,32.8667,74.7333,43.7,1.43
559,San Quintin,2,MX,2022-02-03 23:54:30,51,30.4833,-115.95,59.95,8.16
560,Khandela,0,IN,2022-02-03 23:54:31,91,27.6,75.5,45.61,6.13
561,Serenje,96,ZM,2022-02-03 23:54:31,97,-13.2325,30.2352,62.46,3.49
562,Elliot,99,ZA,2022-02-03 23:54:32,98,-31.3333,27.85,59.83,3.6
563,River Falls,5,US,2022-02-03 23:54:32,90,44.8614,-92.6238,4.75,2.71
564,Havoysund,86,NO,2022-02-03 23:54:33,82,70.9963,24.6622,18.48,15.95
565,San Policarpo,90,PH,2022-02-03 23:54:33,86,12.1791,125.5072,79.0,20.04
566,Digby,100,CA,2022-02-03 23:54:34,99,44.6169,-65.7655,42.31,1.97
567,Kosh-Agach,89,RU,2022-02-03 23:54:34,100,50.0,88.6667,-24.5,2.82
568,Nacala,74,MZ,2022-02-03 23:50:47,87,-14.5428,40.6728,76.64,3.44
569,La Paz,75,BO,2022-02-03 23:53:56,81,-16.5,-68.15,49.98,9.22
570,Matiari,0,PK,2022-02-03 23:54:35,32,25.5961,68.4467,55.4,3.42
571,Roald,100,NO,2022-02-03 23:54:36,93,62.5833,6.1333,41.05,28.77
